<?xml version="1.0" encoding="UTF-8"?>
<l:dependencies xmlns:l='licenses' groupId='org.jenkins-ci.plugins' artifactId='docker-commons' version='1.19'><l:dependency name='Docker Commons Plugin' groupId='org.jenkins-ci.plugins' artifactId='docker-commons' version='1.19' url='https://github.com/jenkinsci/docker-commons-plugin'><l:description>APIs useful to Docker-based plugins.</l:description><l:license name='MIT License' url='https://opensource.org/licenses/MIT'/></l:dependency><l:dependency name='jackson-databind' groupId='com.fasterxml.jackson.core' artifactId='jackson-databind' version='2.11.0' url='http://github.com/FasterXML/jackson'><l:description>General data-binding functionality for Jackson: works on core streaming API</l:description><l:license name='The Apache Software License, Version 2.0' url='http://www.apache.org/licenses/LICENSE-2.0.txt'/></l:dependency><l:dependency name='EdDSA-Java' groupId='net.i2p.crypto' artifactId='eddsa' version='0.3.0' url='https://github.com/str4d/ed25519-java'><l:description>Implementation of EdDSA in Java</l:description><l:license name='CC0 1.0 Universal' url='https://creativecommons.org/publicdomain/zero/1.0/'/></l:dependency><l:dependency name='Multiline Secrets UI' groupId='io.jenkins.temp.jelly' artifactId='multiline-secrets-ui' version='1.0' url='https://github.com/jenkinsci/lib-multiline-secrets-ui'><l:description>Temporary packaging of the f:secretTextarea Jenkins UI component.</l:description><l:license name='MIT License' url='http://opensource.org/licenses/MIT'/></l:dependency><l:dependency name='Jackson-core' groupId='com.fasterxml.jackson.core' artifactId='jackson-core' version='2.11.0' url='https://github.com/FasterXML/jackson-core'><l:description>Core Jackson processing abstractions (aka Streaming API), implementation for JSON</l:description><l:license name='The Apache Software License, Version 2.0' url='http://www.apache.org/licenses/LICENSE-2.0.txt'/></l:dependency><l:dependency name='Jackson-annotations' groupId='com.fasterxml.jackson.core' artifactId='jackson-annotations' version='2.11.0' url='http://github.com/FasterXML/jackson'><l:description>Core annotations used for value types, used by Jackson data binding package.</l:description><l:license name='The Apache Software License, Version 2.0' url='http://www.apache.org/licenses/LICENSE-2.0.txt'/></l:dependency><l:dependency name='JSON in Java' groupId='org.json' artifactId='json' version='20190722' url='https://github.com/douglascrockford/JSON-java'><l:description>JSON is a light-weight, language independent, data interchange format.
		See http://www.JSON.org/

		The files in this package implement JSON encoders/decoders in Java.
		It also includes the capability to convert between JSON and XML, HTTP
		headers, Cookies, and CDL.

		This is a reference implementation. There is a large number of JSON packages
		in Java. Perhaps someday the Java community will standardize on one. Until
		then, choose carefully.

		The license includes this restriction: "The software shall be used for good,
		not evil." If your conscience cannot live with that, then choose a different
		package.</l:description><l:license name='The JSON License' url='http://json.org/license.html'/></l:dependency></l:dependencies>