<?xml version="1.0" encoding="UTF-8"?>
<l:dependencies xmlns:l='licenses' groupId='org.jenkins-ci.plugins' artifactId='docker-build-step' version='2.8'><l:dependency name='docker-build-step' groupId='org.jenkins-ci.plugins' artifactId='docker-build-step' version='2.8' url='https://github.com/jenkinsci/docker-build-step-plugin'><l:description/></l:dependency><l:dependency name='Jackson-annotations' groupId='com.fasterxml.jackson.core' artifactId='jackson-annotations' version='2.10.3' url='http://github.com/FasterXML/jackson'><l:description>Core annotations used for value types, used by Jackson data binding package.</l:description><l:license name='The Apache Software License, Version 2.0' url='http://www.apache.org/licenses/LICENSE-2.0.txt'/></l:dependency><l:dependency name='Apache HttpClient' groupId='org.apache.httpcomponents.client5' artifactId='httpclient5' version='5.0' url='http://hc.apache.org/httpcomponents-client'><l:description>Apache HttpComponents Client</l:description><l:license name='Apache License, Version 2.0' url='http://www.apache.org/licenses/LICENSE-2.0.txt'/></l:dependency><l:dependency name='jackson-databind' groupId='com.fasterxml.jackson.core' artifactId='jackson-databind' version='2.10.3' url='http://github.com/FasterXML/jackson'><l:description>General data-binding functionality for Jackson: works on core streaming API</l:description><l:license name='The Apache Software License, Version 2.0' url='http://www.apache.org/licenses/LICENSE-2.0.txt'/></l:dependency><l:dependency name='Java Native Access' groupId='net.java.dev.jna' artifactId='jna' version='5.5.0' url='https://github.com/java-native-access/jna'><l:description>Java Native Access</l:description><l:license name='LGPL, version 2.1' url='http://www.gnu.org/licenses/licenses.html'/><l:license name='Apache License v2.0' url='http://www.apache.org/licenses/LICENSE-2.0.txt'/></l:dependency><l:dependency name='Guava: Google Core Libraries for Java' groupId='com.google.guava' artifactId='guava' version='19.0' url='https://github.com/google/guava/guava'><l:description>Guava is a suite of core and expanded libraries that include
    utility classes, google's collections, io classes, and much
    much more.

    Guava has only one code dependency - javax.annotation,
    per the JSR-305 spec.</l:description><l:license name='The Apache Software License, Version 2.0' url='http://www.apache.org/licenses/LICENSE-2.0.txt'/></l:dependency><l:dependency name='Apache HttpComponents Core HTTP/2' groupId='org.apache.httpcomponents.core5' artifactId='httpcore5-h2' version='5.0' url='http://hc.apache.org/httpcomponents-core-ga'><l:description>Apache HttpComponents HTTP/2 Core Components</l:description><l:license name='Apache License, Version 2.0' url='http://www.apache.org/licenses/LICENSE-2.0.txt'/></l:dependency><l:dependency name='docker-java-core' groupId='com.github.docker-java' artifactId='docker-java-core' version='3.2.7' url='https://github.com/docker-java/docker-java'><l:description>Java API Client for Docker</l:description><l:license name='The Apache Software License, Version 2.0' url='http://www.apache.org/licenses/LICENSE-2.0.txt'/></l:dependency><l:dependency name='Bouncy Castle Provider' groupId='org.bouncycastle' artifactId='bcprov-jdk15on' version='1.64' url='https://www.bouncycastle.org/java.html'><l:description>The Bouncy Castle Crypto package is a Java implementation of cryptographic algorithms. This jar contains JCE provider and lightweight API for the Bouncy Castle Cryptography APIs for Java 5 to Java 11.</l:description><l:license name='Bouncy Castle Licence' url='https://www.bouncycastle.org/licence.html'/></l:dependency><l:dependency name='Commons Lang' groupId='commons-lang' artifactId='commons-lang' version='2.6' url='http://commons.apache.org/lang/'><l:description>Commons Lang, a package of Java utility classes for the
        classes that are in java.lang's hierarchy, or are considered to be so
        standard as to justify existence in java.lang.</l:description><l:license name='The Apache Software License, Version 2.0' url='http://www.apache.org/licenses/LICENSE-2.0.txt'/></l:dependency><l:dependency name='docker-java-api' groupId='com.github.docker-java' artifactId='docker-java-api' version='3.2.7' url='https://github.com/docker-java/docker-java'><l:description>Java API Client for Docker</l:description><l:license name='The Apache Software License, Version 2.0' url='http://www.apache.org/licenses/LICENSE-2.0.txt'/></l:dependency><l:dependency name='docker-java-transport' groupId='com.github.docker-java' artifactId='docker-java-transport' version='3.2.7' url='https://github.com/docker-java/docker-java'><l:description>Java API Client for Docker</l:description><l:license name='The Apache Software License, Version 2.0' url='http://www.apache.org/licenses/LICENSE-2.0.txt'/></l:dependency><l:dependency name='Apache Commons IO' groupId='commons-io' artifactId='commons-io' version='2.6' url='http://commons.apache.org/proper/commons-io/'><l:description>The Apache Commons IO library contains utility classes, stream implementations, file filters,
file comparators, endian transformation classes, and much more.</l:description><l:license name='Apache License, Version 2.0' url='https://www.apache.org/licenses/LICENSE-2.0.txt'/></l:dependency><l:dependency name='Bouncy Castle PKIX, CMS, EAC, TSP, PKCS, OCSP, CMP, and CRMF APIs' groupId='org.bouncycastle' artifactId='bcpkix-jdk15on' version='1.64' url='https://www.bouncycastle.org/java.html'><l:description>The Bouncy Castle Java APIs for CMS, PKCS, EAC, TSP, CMP, CRMF, OCSP, and certificate generation. This jar contains APIs for JDK 1.5 to JDK 11. The APIs can be used in conjunction with a JCE/JCA provider such as the one provided with the Bouncy Castle Cryptography APIs.</l:description><l:license name='Bouncy Castle Licence' url='https://www.bouncycastle.org/licence.html'/></l:dependency><l:dependency name='docker-java-transport-httpclient5' groupId='com.github.docker-java' artifactId='docker-java-transport-httpclient5' version='3.2.7' url='https://github.com/docker-java/docker-java'><l:description>Java API Client for Docker</l:description><l:license name='The Apache Software License, Version 2.0' url='http://www.apache.org/licenses/LICENSE-2.0.txt'/></l:dependency><l:dependency name='Jackson-core' groupId='com.fasterxml.jackson.core' artifactId='jackson-core' version='2.10.3' url='https://github.com/FasterXML/jackson-core'><l:description>Core Jackson processing abstractions (aka Streaming API), implementation for JSON</l:description><l:license name='The Apache Software License, Version 2.0' url='http://www.apache.org/licenses/LICENSE-2.0.txt'/></l:dependency><l:dependency name='JSR 374 (JSON Processing) Default Provider' groupId='org.glassfish' artifactId='javax.json' version='1.1.4' url='https://javaee.github.io/jsonp'><l:description>Default provider for JSR 374:Java API for Processing JSON</l:description><l:license name='Dual license consisting of the CDDL v1.1 and GPL v2' url='https://oss.oracle.com/licenses/CDDL+GPL-1.1'/></l:dependency><l:dependency name='Apache Commons Codec' groupId='commons-codec' artifactId='commons-codec' version='1.13' url='https://commons.apache.org/proper/commons-codec/'><l:description>The Apache Commons Codec package contains simple encoder and decoders for
     various formats such as Base64 and Hexadecimal.  In addition to these
     widely used encoders and decoders, the codec package also maintains a
     collection of phonetic encoding utilities.</l:description><l:license name='Apache License, Version 2.0' url='https://www.apache.org/licenses/LICENSE-2.0.txt'/></l:dependency><l:dependency name='SLF4J API Module' groupId='org.slf4j' artifactId='slf4j-api' version='1.7.25' url='http://www.slf4j.org'><l:description>The slf4j API</l:description><l:license name='MIT License' url='http://www.opensource.org/licenses/mit-license.php'/></l:dependency><l:dependency name='Apache Commons Compress' groupId='org.apache.commons' artifactId='commons-compress' version='1.20' url='https://commons.apache.org/proper/commons-compress/'><l:description>Apache Commons Compress software defines an API for working with
compression and archive formats.  These include: bzip2, gzip, pack200,
lzma, xz, Snappy, traditional Unix Compress, DEFLATE, DEFLATE64, LZ4,
Brotli, Zstandard and ar, cpio, jar, tar, zip, dump, 7z, arj.</l:description><l:license name='Apache License, Version 2.0' url='https://www.apache.org/licenses/LICENSE-2.0.txt'/></l:dependency><l:dependency name='Apache HttpComponents Core HTTP/1.1' groupId='org.apache.httpcomponents.core5' artifactId='httpcore5' version='5.0' url='http://hc.apache.org/httpcomponents-core-ga'><l:description>Apache HttpComponents HTTP/1.1 core components</l:description><l:license name='Apache License, Version 2.0' url='http://www.apache.org/licenses/LICENSE-2.0.txt'/></l:dependency></l:dependencies>